object_id,timestamp_ms,image_width,image_height,label,confidence,x1,y1,x2,y2,source,cell,meta_json
1,1780063141776,640,480,contour,1.0,339,0,448,119,contour,,"{""area"": 3970.0, ""velocity"": [0.0, 0.0]}"
1,1780063141784,640,480,contour,1.0,339,0,448,119,contour,,"{""area"": 3970.0, ""velocity"": [0.0, 0.0]}"
1,1780063141837,640,480,contour,1.0,339,0,448,119,contour,,"{""area"": 3970.0, ""velocity"": [0.0, 0.0]}"
1,1780063141841,640,480,contour,1.0,339,0,448,119,contour,,"{""area"": 3970.0, ""velocity"": [0.0, 0.0]}"
2,1780063141844,640,480,allen_key,0.609868586063385,0,22,228,253,yolo,,"{""class_id"": 1, ""area"": 52668, ""width"": 228, ""height"": 231, ""velocity"": [0.0, 0.0]}"
1,1780063141844,640,480,contour,1.0,339,0,448,119,contour,,"{""area"": 3970.0, ""velocity"": [0.0, 0.0]}"
2,1780063141897,640,480,allen_key,0.609868586063385,0,22,228,253,yolo,,"{""class_id"": 1, ""area"": 52668, ""width"": 228, ""height"": 231, ""velocity"": [0.0, 0.0]}"
3,1780063141897,640,480,contour,1.0,111,113,183,180,contour,,"{""area"": 2301.5, ""velocity"": [0.0, 0.0]}"
1,1780063141897,640,480,contour,1.0,347,0,450,124,contour,,"{""area"": 3909.0, ""velocity"": [150.94, 75.47]}"
2,1780063141904,640,480,allen_key,0.609868586063385,0,22,228,253,yolo,,"{""class_id"": 1, ""area"": 52668, ""width"": 228, ""height"": 231, ""velocity"": [0.0, 0.0]}"
3,1780063141904,640,480,contour,1.0,111,113,183,180,contour,,"{""area"": 2301.5, ""velocity"": [0.0, 0.0]}"
1,1780063141904,640,480,contour,1.0,349,0,451,126,contour,,"{""area"": 3909.0, ""velocity"": [0.0, 0.0]}"
3,1780063141910,640,480,contour,1.0,111,113,183,180,contour,,"{""area"": 2301.5, ""velocity"": [0.0, 0.0]}"
1,1780063141910,640,480,contour,1.0,350,0,451,126,contour,,"{""area"": 3909.0, ""velocity"": [0.0, 0.0]}"
3,1780063141994,640,480,contour,1.0,111,113,183,180,contour,,"{""area"": 2301.5, ""velocity"": [0.0, 0.0]}"
1,1780063141994,640,480,contour,1.0,350,0,451,126,contour,,"{""area"": 3909.0, ""velocity"": [0.0, 0.0]}"
3,1780063141999,640,480,contour,1.0,111,113,183,180,contour,,"{""area"": 2301.5, ""velocity"": [0.0, 0.0]}"
1,1780063141999,640,480,contour,1.0,350,0,451,126,contour,,"{""area"": 3909.0, ""velocity"": [0.0, 0.0]}"
4,1780063142003,640,480,allen_key,0.8217910528182983,261,360,560,479,yolo,,"{""class_id"": 1, ""area"": 35581, ""width"": 299, ""height"": 119, ""velocity"": [0.0, 0.0]}"
3,1780063142003,640,480,contour,1.0,53,113,150,191,contour,,"{""area"": 2543.0, ""velocity"": [-16000.21, 2250.03]}"
1,1780063142003,640,480,contour,1.0,371,42,460,140,contour,,"{""area"": 3832.0, ""velocity"": [5250.07, 10250.13]}"
4,1780063142058,640,480,allen_key,0.8217910528182983,261,360,560,479,yolo,,"{""class_id"": 1, ""area"": 35581, ""width"": 299, ""height"": 119, ""velocity"": [0.0, 0.0]}"
3,1780063142058,640,480,contour,1.0,36,113,140,195,contour,,"{""area"": 2543.0, ""velocity"": [0.0, 0.0]}"
1,1780063142058,640,480,contour,1.0,378,55,462,144,contour,,"{""area"": 3832.0, ""velocity"": [0.0, 0.0]}"
4,1780063142063,640,480,allen_key,0.8217910528182983,261,360,560,479,yolo,,"{""class_id"": 1, ""area"": 35581, ""width"": 299, ""height"": 119, ""velocity"": [0.0, 0.0]}"
3,1780063142063,640,480,contour,1.0,31,113,137,196,contour,,"{""area"": 2543.0, ""velocity"": [0.0, 0.0]}"
1,1780063142063,640,480,contour,1.0,380,59,463,146,contour,,"{""area"": 3832.0, ""velocity"": [0.0, 0.0]}"
3,1780063142069,640,480,contour,1.0,29,113,137,196,contour,,"{""area"": 2543.0, ""velocity"": [0.0, 0.0]}"
1,1780063142069,640,480,contour,1.0,380,60,463,146,contour,,"{""area"": 3832.0, ""velocity"": [0.0, 0.0]}"
3,1780063142143,640,480,contour,1.0,29,113,137,196,contour,,"{""area"": 2543.0, ""velocity"": [0.0, 0.0]}"
1,1780063142143,640,480,contour,1.0,380,60,463,146,contour,,"{""area"": 3832.0, ""velocity"": [0.0, 0.0]}"
3,1780063142148,640,480,contour,1.0,45,89,138,180,contour,,"{""area"": 2482.0, ""velocity"": [2399.95, -5599.87]}"
1,1780063142148,640,480,contour,1.0,387,73,467,156,contour,,"{""area"": 3631.5, ""velocity"": [1599.96, 3199.93]}"
3,1780063142156,640,480,contour,1.0,49,82,138,175,contour,,"{""area"": 2482.0, ""velocity"": [0.0, 0.0]}"
1,1780063142156,640,480,contour,1.0,389,77,469,159,contour,,"{""area"": 3631.5, ""velocity"": [0.0, 0.0]}"
3,1780063142208,640,480,contour,1.0,51,80,138,174,contour,,"{""area"": 2482.0, ""velocity"": [0.0, 0.0]}"
1,1780063142208,640,480,contour,1.0,389,78,469,160,contour,,"{""area"": 3631.5, ""velocity"": [0.0, 0.0]}"
3,1780063142212,640,480,contour,1.0,51,80,138,174,contour,,"{""area"": 2482.0, ""velocity"": [0.0, 0.0]}"
1,1780063142212,640,480,contour,1.0,389,78,469,160,contour,,"{""area"": 3631.5, ""velocity"": [0.0, 0.0]}"
3,1780063142216,640,480,contour,1.0,51,80,138,174,contour,,"{""area"": 2482.0, ""velocity"": [0.0, 0.0]}"
1,1780063142216,640,480,contour,1.0,389,78,469,160,contour,,"{""area"": 3631.5, ""velocity"": [0.0, 0.0]}"
1,1780063142266,640,480,contour,1.0,396,67,474,149,contour,,"{""area"": 3731.0, ""velocity"": [160.0, -320.0]}"
3,1780063142266,640,480,contour,1.0,55,49,142,143,contour,,"{""area"": 2531.0, ""velocity"": [120.0, -880.0]}"
1,1780063142273,640,480,contour,1.0,398,64,476,146,contour,,"{""area"": 3731.0, ""velocity"": [0.0, 0.0]}"
3,1780063142273,640,480,contour,1.0,57,39,143,133,contour,,"{""area"": 2531.0, ""velocity"": [0.0, 0.0]}"
1,1780063142276,640,480,contour,1.0,399,63,476,145,contour,,"{""area"": 3731.0, ""velocity"": [0.0, 0.0]}"
3,1780063142276,640,480,contour,1.0,57,36,143,130,contour,,"{""area"": 2531.0, ""velocity"": [0.0, 0.0]}"
1,1780063142328,640,480,contour,1.0,399,63,476,145,contour,,"{""area"": 3731.0, ""velocity"": [0.0, 0.0]}"
3,1780063142328,640,480,contour,1.0,57,36,143,130,contour,,"{""area"": 2531.0, ""velocity"": [0.0, 0.0]}"
1,1780063142333,640,480,contour,1.0,399,63,476,145,contour,,"{""area"": 3731.0, ""velocity"": [0.0, 0.0]}"
3,1780063142333,640,480,contour,1.0,57,36,143,130,contour,,"{""area"": 2531.0, ""velocity"": [0.0, 0.0]}"
1,1780063142338,640,480,contour,1.0,396,23,485,139,contour,,"{""area"": 3781.0, ""velocity"": [799.98, -6399.85]}"
1,1780063142401,640,480,contour,1.0,395,11,488,137,contour,,"{""area"": 3781.0, ""velocity"": [0.0, 0.0]}"
1,1780063142406,640,480,contour,1.0,395,8,489,137,contour,,"{""area"": 3781.0, ""velocity"": [0.0, 0.0]}"
1,1780063142410,640,480,contour,1.0,395,7,489,137,contour,,"{""area"": 3781.0, ""velocity"": [0.0, 0.0]}"
1,1780063142468,640,480,contour,1.0,395,7,489,137,contour,,"{""area"": 3781.0, ""velocity"": [0.0, 0.0]}"
1,1780063142599,640,480,contour,1.0,426,23,505,120,contour,,"{""area"": 4127.5, ""velocity"": [548.39, 0.0]}"
1,1780063142607,640,480,contour,1.0,435,28,510,115,contour,,"{""area"": 4127.5, ""velocity"": [0.0, 0.0]}"
1,1780063142611,640,480,contour,1.0,438,30,512,113,contour,,"{""area"": 4127.5, ""velocity"": [0.0, 0.0]}"
1,1780063142662,640,480,contour,1.0,439,30,512,113,contour,,"{""area"": 4127.5, ""velocity"": [0.0, 0.0]}"
1,1780063142666,640,480,contour,1.0,439,30,512,113,contour,,"{""area"": 4127.5, ""velocity"": [0.0, 0.0]}"
1,1780063142782,640,480,contour,1.0,461,16,538,101,contour,,"{""area"": 4501.5, ""velocity"": [11333.25, -6333.29]}"
1,1780063142788,640,480,contour,1.0,468,11,546,98,contour,,"{""area"": 4501.5, ""velocity"": [0.0, 0.0]}"
1,1780063142840,640,480,contour,1.0,470,10,548,97,contour,,"{""area"": 4501.5, ""velocity"": [0.0, 0.0]}"
1,1780063142844,640,480,contour,1.0,470,10,549,97,contour,,"{""area"": 4501.5, ""velocity"": [0.0, 0.0]}"
1,1780063142847,640,480,contour,1.0,470,10,549,97,contour,,"{""area"": 4501.5, ""velocity"": [0.0, 0.0]}"
5,1780063143022,640,480,peach,0.6045808792114258,53,262,171,367,yolo,,"{""class_id"": 0, ""area"": 12390, ""width"": 118, ""height"": 105, ""velocity"": [0.0, 0.0]}"
5,1780063143074,640,480,peach,0.6045808792114258,53,262,171,367,yolo,,"{""class_id"": 0, ""area"": 12390, ""width"": 118, ""height"": 105, ""velocity"": [0.0, 0.0]}"
5,1780063143077,640,480,peach,0.6045808792114258,53,262,171,367,yolo,,"{""class_id"": 0, ""area"": 12390, ""width"": 118, ""height"": 105, ""velocity"": [0.0, 0.0]}"
5,1780063143083,640,480,peach,0.7258228480815888,66,264,185,370,yolo,,"{""class_id"": 0, ""area"": 12614, ""width"": 119, ""height"": 106, ""velocity"": [3166.64, 833.33]}"
5,1780063143144,640,480,peach,0.7621954387426377,70,265,189,371,yolo,,"{""class_id"": 0, ""area"": 12614, ""width"": 119, ""height"": 106, ""velocity"": [0.0, 0.0]}"
5,1780063143149,640,480,peach,0.7731072159409523,71,265,190,371,yolo,,"{""class_id"": 0, ""area"": 12614, ""width"": 119, ""height"": 106, ""velocity"": [0.0, 0.0]}"
6,1780063143153,640,480,allen_key,0.8876137137413025,377,339,638,479,yolo,,"{""class_id"": 1, ""area"": 36540, ""width"": 261, ""height"": 140, ""velocity"": [0.0, 0.0]}"
5,1780063143153,640,480,peach,0.7851337448298931,102,267,222,371,yolo,,"{""class_id"": 0, ""area"": 12480, ""width"": 120, ""height"": 104, ""velocity"": [11249.47, 249.99]}"
6,1780063143216,640,480,allen_key,0.8876137137413025,377,339,638,479,yolo,,"{""class_id"": 1, ""area"": 36540, ""width"": 261, ""height"": 140, ""velocity"": [0.0, 0.0]}"
5,1780063143216,640,480,peach,0.7887417034965754,111,267,231,371,yolo,,"{""class_id"": 0, ""area"": 12480, ""width"": 120, ""height"": 104, ""velocity"": [0.0, 0.0]}"
6,1780063143225,640,480,allen_key,0.8876137137413025,377,339,638,479,yolo,,"{""class_id"": 1, ""area"": 36540, ""width"": 261, ""height"": 140, ""velocity"": [0.0, 0.0]}"
5,1780063143225,640,480,peach,0.7898240910965799,114,267,234,371,yolo,,"{""class_id"": 0, ""area"": 12480, ""width"": 120, ""height"": 104, ""velocity"": [0.0, 0.0]}"
6,1780063143230,640,480,allen_key,0.8345826685428619,406,352,638,479,yolo,,"{""class_id"": 1, ""area"": 26620, ""width"": 220, ""height"": 121, ""velocity"": [4399.9, 1799.96]}"
5,1780063143230,640,480,peach,0.7758521266877233,138,260,259,366,yolo,,"{""class_id"": 0, ""area"": 13068, ""width"": 121, ""height"": 108, ""velocity"": [6599.85, -1799.96]}"
6,1780063143296,640,480,allen_key,0.8186733549833298,415,356,638,479,yolo,,"{""class_id"": 1, ""area"": 26620, ""width"": 220, ""height"": 121, ""velocity"": [0.0, 0.0]}"
5,1780063143296,640,480,peach,0.7716605373650663,145,257,266,365,yolo,,"{""class_id"": 0, ""area"": 13068, ""width"": 121, ""height"": 108, ""velocity"": [0.0, 0.0]}"
6,1780063143301,640,480,allen_key,0.8139005609154701,417,357,638,479,yolo,,"{""class_id"": 1, ""area"": 26620, ""width"": 220, ""height"": 121, ""velocity"": [0.0, 0.0]}"
5,1780063143301,640,480,peach,0.7704030605682692,147,257,268,365,yolo,,"{""class_id"": 0, ""area"": 13068, ""width"": 121, ""height"": 108, ""velocity"": [0.0, 0.0]}"
5,1780063143308,640,480,peach,0.8131202200808811,158,255,279,361,yolo,,"{""class_id"": 0, ""area"": 12810, ""width"": 122, ""height"": 105, ""velocity"": [2142.87, -571.43]}"
5,1780063143367,640,480,peach,0.8259353679346648,161,255,283,360,yolo,,"{""class_id"": 0, ""area"": 12810, ""width"": 122, ""height"": 105, ""velocity"": [0.0, 0.0]}"
5,1780063143372,640,480,peach,0.8297799122907998,162,255,284,360,yolo,,"{""class_id"": 0, ""area"": 12810, ""width"": 122, ""height"": 105, ""velocity"": [0.0, 0.0]}"
5,1780063143377,640,480,peach,0.8492581693106378,167,254,288,360,yolo,,"{""class_id"": 0, ""area"": 12947, ""width"": 121, ""height"": 107, ""velocity"": [1199.97, 0.0]}"
5,1780063143442,640,480,peach,0.8551016464165891,169,254,290,360,yolo,,"{""class_id"": 0, ""area"": 12947, ""width"": 121, ""height"": 107, ""velocity"": [0.0, 0.0]}"
5,1780063143446,640,480,peach,0.8568546895483746,169,254,290,360,yolo,,"{""class_id"": 0, ""area"": 12947, ""width"": 121, ""height"": 107, ""velocity"": [0.0, 0.0]}"
5,1780063143454,640,480,peach,0.8765876091807965,183,254,301,360,yolo,,"{""class_id"": 0, ""area"": 12508, ""width"": 118, ""height"": 106, ""velocity"": [2250.03, 0.0]}"
5,1780063143520,640,480,peach,0.8825074850705231,187,254,305,360,yolo,,"{""class_id"": 0, ""area"": 12508, ""width"": 118, ""height"": 106, ""velocity"": [0.0, 0.0]}"
5,1780063143524,640,480,peach,0.8842834478374411,188,254,306,360,yolo,,"{""class_id"": 0, ""area"": 12508, ""width"": 118, ""height"": 106, ""velocity"": [0.0, 0.0]}"
5,1780063143528,640,480,peach,0.875661195688131,187,254,306,361,yolo,,"{""class_id"": 0, ""area"": 12852, ""width"": 119, ""height"": 108, ""velocity"": [-499.98, 249.99]}"
5,1780063143598,640,480,peach,0.8730745200433381,187,254,306,361,yolo,,"{""class_id"": 0, ""area"": 12852, ""width"": 119, ""height"": 108, ""velocity"": [0.0, 0.0]}"
5,1780063143606,640,480,peach,0.8722985173499003,187,254,306,361,yolo,,"{""class_id"": 0, ""area"": 12852, ""width"": 119, ""height"": 108, ""velocity"": [0.0, 0.0]}"
5,1780063143610,640,480,peach,0.845963191546065,182,255,303,363,yolo,,"{""class_id"": 0, ""area"": 13298, ""width"": 122, ""height"": 109, ""velocity"": [-1250.02, 500.01]}"
7,1780063143610,640,480,allen_key,0.6799871325492859,452,372,638,479,yolo,,"{""class_id"": 1, ""area"": 19902, ""width"": 186, ""height"": 107, ""velocity"": [0.0, 0.0]}"
5,1780063143671,640,480,peach,0.8380625938049144,180,255,302,364,yolo,,"{""class_id"": 0, ""area"": 13298, ""width"": 122, ""height"": 109, ""velocity"": [0.0, 0.0]}"
7,1780063143671,640,480,allen_key,0.6799871325492859,452,372,638,479,yolo,,"{""class_id"": 1, ""area"": 19902, ""width"": 186, ""height"": 107, ""velocity"": [0.0, 0.0]}"
5,1780063143676,640,480,peach,0.8356924144825693,180,255,302,364,yolo,,"{""class_id"": 0, ""area"": 13298, ""width"": 122, ""height"": 109, ""velocity"": [0.0, 0.0]}"
7,1780063143676,640,480,allen_key,0.6799871325492859,452,372,638,479,yolo,,"{""class_id"": 1, ""area"": 19902, ""width"": 186, ""height"": 107, ""velocity"": [0.0, 0.0]}"
5,1780063143681,640,480,peach,0.8482131388307022,174,255,295,361,yolo,,"{""class_id"": 0, ""area"": 12600, ""width"": 120, ""height"": 105, ""velocity"": [-1800.04, -600.01]}"
7,1780063143681,640,480,allen_key,0.7181534767150879,443,367,638,479,yolo,,"{""class_id"": 1, ""area"": 22487, ""width"": 199, ""height"": 113, ""velocity"": [-1200.03, -600.01]}"
5,1780063143751,640,480,peach,0.851969356135142,172,255,292,360,yolo,,"{""class_id"": 0, ""area"": 12600, ""width"": 120, ""height"": 105, ""velocity"": [0.0, 0.0]}"
7,1780063143751,640,480,allen_key,0.7296033799648285,440,366,638,479,yolo,,"{""class_id"": 1, ""area"": 22487, ""width"": 199, ""height"": 113, ""velocity"": [0.0, 0.0]}"
5,1780063143756,640,480,peach,0.8530962213264739,172,255,292,360,yolo,,"{""class_id"": 0, ""area"": 12600, ""width"": 120, ""height"": 105, ""velocity"": [0.0, 0.0]}"
7,1780063143756,640,480,allen_key,0.7330383509397507,440,366,638,479,yolo,,"{""class_id"": 1, ""area"": 22487, ""width"": 199, ""height"": 113, ""velocity"": [0.0, 0.0]}"
5,1780063143761,640,480,peach,0.8830786926861655,172,255,291,359,yolo,,"{""class_id"": 0, ""area"": 12376, ""width"": 119, ""height"": 104, ""velocity"": [-200.0, 0.0]}"
7,1780063143761,640,480,allen_key,0.7273483946919441,438,361,638,479,yolo,,"{""class_id"": 1, ""area"": 24120, ""width"": 201, ""height"": 120, ""velocity"": [-200.0, -600.01]}"
5,1780063143816,640,480,peach,0.8920734340940729,172,255,291,359,yolo,,"{""class_id"": 0, ""area"": 12376, ""width"": 119, ""height"": 104, ""velocity"": [0.0, 0.0]}"
7,1780063143816,640,480,allen_key,0.7256414078176021,438,359,638,479,yolo,,"{""class_id"": 1, ""area"": 24120, ""width"": 201, ""height"": 120, ""velocity"": [0.0, 0.0]}"
5,1780063143821,640,480,peach,0.8947718565164451,172,255,291,359,yolo,,"{""class_id"": 0, ""area"": 12376, ""width"": 119, ""height"": 104, ""velocity"": [0.0, 0.0]}"
7,1780063143821,640,480,allen_key,0.7251293117552995,438,359,638,479,yolo,,"{""class_id"": 1, ""area"": 24120, ""width"": 201, ""height"": 120, ""velocity"": [0.0, 0.0]}"
5,1780063143828,640,480,peach,0.9052436955123676,172,255,289,359,yolo,,"{""class_id"": 0, ""area"": 12168, ""width"": 117, ""height"": 104, ""velocity"": [-142.86, 0.0]}"
7,1780063143828,640,480,allen_key,0.7518696562871336,435,356,638,479,yolo,,"{""class_id"": 1, ""area"": 25092, ""width"": 204, ""height"": 123, ""velocity"": [-142.86, -285.72]}"
5,1780063143900,640,480,peach,0.9083852472111443,172,255,289,359,yolo,,"{""class_id"": 0, ""area"": 12168, ""width"": 117, ""height"": 104, ""velocity"": [0.0, 0.0]}"
7,1780063143900,640,480,allen_key,0.7598917596466839,435,356,638,479,yolo,,"{""class_id"": 1, ""area"": 25092, ""width"": 204, ""height"": 123, ""velocity"": [0.0, 0.0]}"
5,1780063143904,640,480,peach,0.9093277127207773,172,255,289,359,yolo,,"{""class_id"": 0, ""area"": 12168, ""width"": 117, ""height"": 104, ""velocity"": [0.0, 0.0]}"
7,1780063143904,640,480,allen_key,0.762298390654549,435,356,638,479,yolo,,"{""class_id"": 1, ""area"": 25092, ""width"": 204, ""height"": 123, ""velocity"": [0.0, 0.0]}"
5,1780063143909,640,480,peach,0.8876932701665597,171,255,288,359,yolo,,"{""class_id"": 0, ""area"": 12051, ""width"": 117, ""height"": 103, ""velocity"": [-200.0, 0.0]}"
7,1780063143909,640,480,allen_key,0.7622860924565271,435,354,638,479,yolo,,"{""class_id"": 1, ""area"": 25500, ""width"": 204, ""height"": 125, ""velocity"": [0.0, -200.0]}"
5,1780063143976,640,480,peach,0.8812029374002945,171,255,288,359,yolo,,"{""class_id"": 0, ""area"": 12051, ""width"": 117, ""height"": 103, ""velocity"": [0.0, 0.0]}"
7,1780063143976,640,480,allen_key,0.7622824029971205,435,354,638,479,yolo,,"{""class_id"": 1, ""area"": 25500, ""width"": 204, ""height"": 125, ""velocity"": [0.0, 0.0]}"
5,1780063143984,640,480,peach,0.8792558375704149,171,255,288,359,yolo,,"{""class_id"": 0, ""area"": 12051, ""width"": 117, ""height"": 103, ""velocity"": [0.0, 0.0]}"
7,1780063143984,640,480,allen_key,0.7622812961592985,435,354,638,479,yolo,,"{""class_id"": 1, ""area"": 25500, ""width"": 204, ""height"": 125, ""velocity"": [0.0, 0.0]}"
5,1780063143989,640,480,peach,0.8708464701088625,170,257,288,360,yolo,,"{""class_id"": 0, ""area"": 12154, ""width"": 118, ""height"": 103, ""velocity"": [0.0, 399.99]}"
7,1780063143989,640,480,allen_key,0.7796435944752309,434,354,638,479,yolo,,"{""class_id"": 1, ""area"": 25625, ""width"": 205, ""height"": 125, ""velocity"": [-200.0, 0.0]}"
5,1780063144053,640,480,peach,0.8683236598703967,170,257,288,360,yolo,,"{""class_id"": 0, ""area"": 12154, ""width"": 118, ""height"": 103, ""velocity"": [0.0, 0.0]}"
7,1780063144053,640,480,allen_key,0.7848522839700107,434,354,638,479,yolo,,"{""class_id"": 1, ""area"": 25625, ""width"": 205, ""height"": 125, ""velocity"": [0.0, 0.0]}"
5,1780063144058,640,480,peach,0.867566816798857,170,257,288,360,yolo,,"{""class_id"": 0, ""area"": 12154, ""width"": 118, ""height"": 103, ""velocity"": [0.0, 0.0]}"
7,1780063144058,640,480,allen_key,0.7864148908184446,434,354,638,479,yolo,,"{""class_id"": 1, ""area"": 25625, ""width"": 205, ""height"": 125, ""velocity"": [0.0, 0.0]}"
5,1780063144064,640,480,peach,0.8641274073100123,170,262,286,367,yolo,,"{""class_id"": 0, ""area"": 12075, ""width"": 115, ""height"": 105, ""velocity"": [-166.67, 1333.38]}"
7,1780063144064,640,480,allen_key,0.7746268836655162,434,355,638,479,yolo,,"{""class_id"": 1, ""area"": 25092, ""width"": 204, ""height"": 123, ""velocity"": [166.67, 166.67]}"
5,1780063144132,640,480,peach,0.8630955844633588,170,264,286,369,yolo,,"{""class_id"": 0, ""area"": 12075, ""width"": 115, ""height"": 105, ""velocity"": [0.0, 0.0]}"
7,1780063144132,640,480,allen_key,0.7710904815196378,434,355,638,479,yolo,,"{""class_id"": 1, ""area"": 25092, ""width"": 204, ""height"": 123, ""velocity"": [0.0, 0.0]}"
5,1780063144137,640,480,peach,0.8627860376093628,170,264,286,369,yolo,,"{""class_id"": 0, ""area"": 12075, ""width"": 115, ""height"": 105, ""velocity"": [0.0, 0.0]}"
7,1780063144137,640,480,allen_key,0.7700295608758743,434,355,638,479,yolo,,"{""class_id"": 1, ""area"": 25092, ""width"": 204, ""height"": 123, ""velocity"": [0.0, 0.0]}"
5,1780063144143,640,480,peach,0.8390938350216699,188,289,304,397,yolo,,"{""class_id"": 0, ""area"": 12644, ""width"": 116, ""height"": 109, ""velocity"": [4333.48, 6166.87]}"
7,1780063144143,640,480,allen_key,0.8021007943606322,458,357,638,479,yolo,,"{""class_id"": 1, ""area"": 20400, ""width"": 170, ""height"": 120, ""velocity"": [2833.43, 333.34]}"
5,1780063144208,640,480,peach,0.831986174245362,193,296,309,405,yolo,,"{""class_id"": 0, ""area"": 12644, ""width"": 116, ""height"": 109, ""velocity"": [0.0, 0.0]}"
7,1780063144208,640,480,allen_key,0.8117221644060595,465,358,638,479,yolo,,"{""class_id"": 1, ""area"": 20400, ""width"": 170, ""height"": 120, ""velocity"": [0.0, 0.0]}"
5,1780063144213,640,480,peach,0.8298538760124696,195,298,311,407,yolo,,"{""class_id"": 0, ""area"": 12644, ""width"": 116, ""height"": 109, ""velocity"": [0.0, 0.0]}"
7,1780063144213,640,480,allen_key,0.8146085754196877,467,358,638,479,yolo,,"{""class_id"": 1, ""area"": 20400, ""width"": 170, ""height"": 120, ""velocity"": [0.0, 0.0]}"
5,1780063144222,640,480,peach,0.8717722366982416,226,321,335,426,yolo,,"{""class_id"": 0, ""area"": 11024, ""width"": 106, ""height"": 104, ""velocity"": [4333.42, 3222.29]}"
7,1780063144222,640,480,allen_key,0.7787746851194213,499,362,638,479,yolo,,"{""class_id"": 1, ""area"": 14490, ""width"": 126, ""height"": 115, ""velocity"": [2444.49, 222.23]}"
5,1780063144284,640,480,peach,0.8843477449039732,235,328,342,432,yolo,,"{""class_id"": 0, ""area"": 11024, ""width"": 106, ""height"": 104, ""velocity"": [0.0, 0.0]}"
7,1780063144284,640,480,allen_key,0.7680245180293414,508,363,638,479,yolo,,"{""class_id"": 1, ""area"": 14490, ""width"": 126, ""height"": 115, ""velocity"": [0.0, 0.0]}"
5,1780063144289,640,480,peach,0.8881203973656926,238,330,344,434,yolo,,"{""class_id"": 0, ""area"": 11024, ""width"": 106, ""height"": 104, ""velocity"": [0.0, 0.0]}"
7,1780063144289,640,480,allen_key,0.7647994679023173,511,363,638,479,yolo,,"{""class_id"": 1, ""area"": 14490, ""width"": 126, ""height"": 115, ""velocity"": [0.0, 0.0]}"
